time;STAT_AFSCD_DMAIRNORM_WERT;STAT_AFSCD_MAIRPERCYL_WERT;STAT_AIRCTL_MDESVAL_WERT;STAT_APPCD_RFLT_WERT;STAT_BATTCD_U_WERT;STAT_BPSCD_POUTVAL_WERT;STAT_COENG_TRQ_WERT;STAT_CRCTL_NUMGEAR_WERT;STAT_CTSCD_TCLNT_WERT;STAT_EGRCD_ROUT_WERT;STAT_ENG_NAVRG_CARB_WERT;STAT_FTSCD_TFUEL_WERT;STAT_GEARBX_STGEAR_WERT;STAT_IATSCD_TAIRCATS_WERT;STAT_LSU_RLMBD[0]_WERT;STAT_OXICCD_TPRE_WERT;STAT_PCR_PBDESLP_MP_WERT;STAT_PFLTCD_PPRE_WERT;STAT_RAILCD_PPEAK_WERT;STAT_RAIL_PSETPOINT_WERT
172;61.8747;442.204;449.968;0;14.6034;1050.89;14.8696;0;86.4574;14.49;677;20.9545;0;19.9473;6.32509;179.971;828.888;1000.89;270.298;269.993
437;61.8747;438.59;449.968;0;14.623;1050.89;16.9297;0;86.2559;14.24;675;20.9545;0;19.9473;6.36535;179.971;826.888;1000.89;270.298;269.993
687;62.9001;437.077;449.968;0;14.6034;1050.89;14.7552;0;86.2559;14.31;686;20.8538;0;20.048;6.2464;179.971;836.888;1000.89;272.495;269.993
968;62.1677;438.786;449.968;0;14.1711;1050.89;14.5263;0;86.2559;14.79;680;20.9545;0;20.048;6.28544;179.971;832.888;1000.89;265.873;269.993
1250;61.1911;438.981;449.968;0;14.3676;1050.89;18.9897;0;86.2559;14.71;669;20.8538;0;20.048;6.28544;179.971;820.888;1000.89;263.676;269.993
1515;61.1911;434.684;449.968;0;14.7188;1050.89;24.2541;0;86.2559;14.31;669;20.8538;0;20.048;6.16832;179.971;820.888;1000.89;270.298;269.993
1750;62.1677;440.397;449.968;0;14.6599;1050.89;22.1941;0;86.2559;14.35;681;20.8538;1;20.048;5.84319;179.971;833.888;1000.89;274.693;269.993
2031;62.6071;444.987;449.968;0;14.6992;1050.89;20.363;1;86.2559;14.31;684;20.9545;1;20.1487;5.80964;179.971;835.888;1000.89;272.495;269.993
2359;60.5075;438.493;449.968;0;14.6599;1050.89;29.4042;1;86.2559;14.37;660;20.9545;1;20.1487;5.94811;179.971;813.888;1000.89;272.495;269.993
2640;59.0914;442.497;449.968;0;14.5051;1050.89;45.7698;1;86.2559;14.39;644;20.9545;1;20.1487;5.55161;179.971;800.888;1000.89;265.873;269.993
2875;60.068;425.407;451.384;6.19861;14.6795;1050.89;76.4411;1;86.2559;14.26;665;20.9545;1;20.2495;4.60489;179.971;869.889;1000.89;272.495;278.782
3125;76.2793;435.368;489.666;9.11632;14.6034;1050.89;75.9833;1;86.2559;14.33;831;20.8538;1;20.1487;3.13174;179.971;1024.89;1000.89;272.495;280.094
3390;82.7735;445.28;543.963;12.5712;14.6992;1054.89;91.3189;1;86.2559;14.3;903;20.9545;1;20.2495;3.29766;179.971;1083.89;1000.89;314.183;322.484
3609;98.6918;456.169;612.177;14.4878;14.6992;1058.89;108.6;1;86.2559;14.35;1068;20.9545;1;20.2495;2.66448;179.971;1156.89;1000.89;377.996;375.768
3875;116.661;484.294;655.782;15.9284;14.6599;1084.89;121.075;1;86.2559;14.28;1240;20.9545;1;20.3502;2.32349;181.971;1262.9;1000.89;419.684;414.679
4140;131.163;507.293;679.61;17.723;14.6427;1118.89;124.851;1;86.2559;14.31;1327;20.9545;1;20.5516;2.1716;181.971;1329.9;1001.89;439.49;432.776
4406;143.077;537.078;733.176;22.3254;14.4265;1161.89;139.729;1;86.2559;14.55;1397;20.9545;1;20.6523;2.21064;183.971;1426.9;1001.89;474.677;499.183
4640;168.664;569.403;773.802;25.2553;14.4265;1221.9;152.776;1;86.2559;14.49;1555;21.0552;1;20.7531;1.83244;185.972;1540.9;1001.89;540.596;534.675
4875;184.484;619.502;753.586;26.5371;14.5641;1298.9;146.024;1;86.2559;14.47;1596;21.0552;1;20.9545;1.87758;188.973;1528.9;1001.89;529.579;518.684
5109;203.088;645.088;882.495;31.8354;14.5837;1379.9;181.73;1;86.2559;14.47;1688;21.0552;1;21.0552;2.04777;190.973;1744.9;1002.89;639.474;696.39
5343;257.581;726.389;915.113;32.9708;14.5837;1503.9;199.584;1;86.2559;14.49;1947;21.156;2;21.2567;1.68177;192.974;1835.9;1002.89;788.982;766.49
5578;300.404;835.766;884.302;33.2882;14.6034;1691.9;199.813;2;86.2559;14.35;2005;21.156;2;21.7435;1.94346;196.975;1822.9;1004.89;802.074;771.77
5828;346.987;896.265;931.373;35.8274;14.5837;1849.91;222.13;2;86.2559;14.41;2114;21.156;2;21.8442;2.1533;198.975;1915.91;1007.89;804.271;811.382
6062;406.168;994.509;941.969;37.0116;14.6795;2016.91;232.658;2;86.2559;5;2240;21.2567;2;22.3478;2.23016;204.977;1991.91;1008.89;832.867;836.987
6328;406.51;938.111;946.998;37.8173;14.623;2063.91;175.207;2;86.2559;5;2169;21.2567;2;22.65;2.88835;207.977;1980.91;1010.89;839.489;834.789
6593;363.003;852.367;951.979;38.7451;14.6034;1943.91;247.765;2;86.2559;14.35;2087;21.4581;2;22.8514;2.58823;211.978;1977.91;1010.89;819.683;832.867
6875;387.271;899.39;980.202;41.7971;14.5248;1926.91;284.616;2;86.2559;5;2233;21.5588;2;23.1536;2.04777;214.979;2047.91;1008.89;909.772;917.066
7140;415.006;967.897;983.18;41.907;14.6427;1990.91;284.616;2;86.0545;5;2303;21.5588;2;23.355;1.99836;217.98;2058.91;1008.89;938.367;924.177
7375;432.487;990.993;987.77;42.2733;14.6427;2046.91;285.875;2;86.0545;5;2333;21.6428;2;23.7579;2.06424;222.981;2064.91;1008.89;931.776;930.585
7609;454.899;1011.11;1017.8;45.3497;14.6034;2088.91;309.451;2;86.0545;5;2400;21.6428;2;24.0433;2.03435;225.982;2090.91;1007.89;953.779;974.073
7843;498.308;1096.07;1068;49.3783;14.6427;2169.91;352.482;2;86.0545;5;2534;21.6428;2;24.3455;1.85684;228.982;2115.91;1007.89;1048.26;1029.37
8093;491.863;1126.01;1060.38;48.6947;14.6599;2268.91;351.567;2;86.0545;5;2388;21.7435;2;24.8491;1.90259;234.984;2114.91;1008.89;1030.68;1012.59
8359;492.888;1034.99;1061.99;48.7069;14.5051;2187.91;349.621;2;86.0545;5;2483;21.7435;2;25.3527;1.89161;241.986;2112.91;1008.89;1010.88;1019.18
8609;504.168;1044.61;1067.07;49.7934;14.5248;2144.91;349.278;2;85.9538;5;2584;21.8442;3;25.5541;1.86355;245.987;2116.91;1007.89;1028.49;1039.29
8843;522.674;1088.6;1113.8;57.7286;14.3676;2157.91;408.789;3;85.9538;5;2681;21.8442;3;26.0578;1.68482;250.988;2144.91;1007.89;1188.98;1201.37
9093;532.489;1190.9;1114.38;59.5842;14.4265;2263.91;410.277;3;85.9538;5;2614;21.9449;3;26.6453;1.52073;257.99;2149.91;1007.89;1309.77;1259.97
9359;426.383;996.413;1113.99;59.2912;14.5051;2229.91;375.257;3;85.7523;5;2115;21.9449;3;27.1489;1.88856;264.991;2149.91;1007.89;1226.27;1229.48
9625;361.782;911.109;1107.89;59.0104;14.4658;2097.91;481.348;3;85.7523;5;1962;21.9449;3;27.5518;1.46278;268.992;2126.91;1009.89;1151.57;1165.97
9859;376.187;1020.29;1109.6;61.3544;14.4855;2144.91;506.983;3;85.6516;5;2015;22.0457;3;27.7532;1.28893;275.994;2149.91;1006.89;1206.47;1235.06
10093;413.297;1128.4;1112.38;68.081;14.5051;2263.91;578.855;3;85.6516;5;2098;22.0457;3;28.0554;1.20597;280.995;2149.91;1010.89;1290.09;1265.19
10343;475.993;1313.51;1114.77;72.4148;14.6034;2507.92;611.929;3;85.4502;5;2192;22.0457;3;28.4583;1.17913;286.997;2149.91;1008.89;1263.69;1255.79
10578;547.186;1390.81;1115.41;75.1982;14.623;2725.92;621.543;3;85.4502;5;2289;22.0457;3;29.0458;1.25782;294.999;2150.91;1009.89;1241.69;1270.19
10812;602.07;1459.31;1115.41;77.5422;14.6795;2875.92;639.282;3;85.2487;5;2390;22.0457;3;29.6502;1.29015;300;2154.91;1010.89;1300.98;1322.68
11062;642.598;1430.41;1115.41;61.745;14.5641;2917.92;567.753;3;85.148;5;2499;22.2471;3;30.4559;1.36579;314.003;2158.91;1011.89;1397.79;1358.57
11297;567.401;889.575;729.172;20.5796;14.6599;2451.91;170.4;3;85.148;5;2489;22.2471;4;30.8588;2.47904;321.005;1439.9;1005.89;740.58;522.59
11547;451.579;807.396;618.574;6.45498;14.5051;1999.91;2.62403;4;85.148;5;2481;22.2471;4;31.0435;6.36535;325.006;1147.89;1011.89;300.969;319.371
11750;389.273;787.571;610.908;4.05;14.4462;1845.91;-20.6083;4;84.9465;5;2338;22.3478;4;31.0435;13.8799;326.006;1168.89;1014.89;243.869;292.271
12000;299.77;748.703;587.47;2.49959;14.5051;1742.9;-17.5183;4;84.9465;5;1941;22.3478;4;31.1442;19.2187;322.005;1079.89;1012.89;241.672;291.996
12234;261.39;574.97;580.585;0.546308;14.4265;1610.9;-36.1728;4;84.9465;5;1846;22.2471;4;31.2449;16.3834;316.004;1068.89;1006.89;270.298;280.888
12468;211.194;488.982;578.193;0.033572;14.5051;1332.9;-44.7562;4;84.9465;5;1806;22.2471;4;31.0435;32.7485;305.001;1064.89;1004.89;281.284;281.376
12718;190.686;488.787;579.511;0;14.5248;1187.89;-44.4129;4;84.9465;5;1824;22.0457;4;30.8588;32.7485;297.999;1066.89;1003.89;285.679;281.071
12953;184.387;530.877;577.265;0;14.6034;1182.89;-45.0995;4;84.9465;5;1786;21.9449;4;30.6574;32.7485;291.998;1062.89;1003.89;283.482;281.59
13203;186.486;547.284;575.702;0;14.6034;1208.89;-45.3284;4;84.9465;5;1760;21.8442;4;30.5567;32.7485;286.997;1060.89;1003.89;281.284;281.895
13437;186.486;550.702;574.286;0;14.5837;1229.9;-45.3284;4;84.9465;5;1739;21.8442;4;30.5567;32.7485;282.996;1056.89;1003.89;281.284;282.169
13687;184.875;553.778;572.382;0;14.5641;1242.9;-45.6717;4;84.9465;5;1706;21.7435;4;30.4559;32.7485;275.994;1050.89;1003.89;281.284;282.597
13937;182.482;550.506;570.185;0;14.6034;1246.9;-45.9006;4;84.9465;5;1670;21.6428;4;30.4559;32.7485;270.993;1043.89;1003.89;279.087;282.993
14172;177.892;546.893;567.694;0;14.6427;1246.9;-46.1295;4;84.9465;5;1624;21.5588;4;30.3552;32.7485;264.991;1034.89;1003.89;281.284;283.482
14422;171.984;543.084;564.667;0;14.6034;1242.9;-46.4729;4;85.148;5;1579;21.5588;4;30.2545;32.7485;260.99;1024.89;1003.89;283.482;284.092
14656;167.492;540.692;562.47;0;14.6427;1238.9;-46.7018;4;85.148;5;1539;21.4581;4;30.1538;32.7485;253.989;1017.89;1003.89;281.284;284.58
14937;159.093;524.676;558.807;0;14.5837;1225.9;-46.9306;4;85.148;5;1479;21.2567;4;29.9523;32.7485;247.987;1008.89;1003.89;283.482;285.679
15218;152.892;516.375;555.975;0;14.5641;1212.89;-46.7018;4;85.2487;5;1431;21.2567;4;29.9523;32.7485;243.986;1006.89;1003.89;285.679;287.083
15468;144.786;514.666;552.606;0;14.5641;1204.89;-46.7018;4;85.2487;5;1376;21.2567;4;29.7509;32.7485;237.985;1003.89;1003.89;287.876;288.792
15703;139.073;507.586;549.969;0;14.5837;1195.89;-46.5873;4;85.4502;5;1329;21.156;4;29.6502;32.7485;233.984;1001.89;1003.89;287.876;290.196
15953;131.798;505.877;546.698;0;14.6034;1182.89;-46.5873;4;85.4502;5;1276;21.156;4;29.5494;32.7485;229.983;999.891;1003.89;287.876;291.783
16187;124.962;500.603;543.378;0;14.6034;1174.89;-46.5873;4;85.6516;5;1223;21.156;4;29.4487;32.7485;224.982;996.891;1003.89;294.468;293.37
16422;118.76;501.189;540.594;0;14.6427;1161.89;-46.4729;4;85.6516;5;1173;21.0552;4;29.348;32.7485;220.981;993.891;1003.89;292.271;294.895
16656;112.266;493.572;537.274;0;14.6599;1152.89;-46.1295;4;85.6516;5;1121;21.0552;4;29.2473;32.7485;215.979;990.891;1003.89;294.468;296.391
16890;106.065;489.08;534.295;0;14.6795;1140.89;-45.9006;4;85.7523;5;1066;21.0552;3;29.0458;32.7485;213.979;987.891;1003.89;296.696;298.069
17140;100.694;483.367;531.463;0;14.7385;1131.89;-45.6717;3;85.7523;5;1024;21.0552;3;28.9451;32.7485;209.978;985.891;1003.89;298.893;299.29
17422;92.4905;472.771;516.082;0;14.6795;1118.89;-44.8706;3;85.9538;5;953;21.0552;3;28.7437;32.7485;205.977;985.891;1003.89;298.893;292.881
17734;100.596;459.392;532.782;0;14.6034;1105.89;-45.4429;3;85.9538;5;1054;21.0552;3;28.643;32.7485;200.976;986.891;1003.89;298.893;298.375
18015;105.967;472.966;536.59;0;14.6795;1097.89;-45.9006;3;86.0545;5;1114;21.0552;3;28.5422;32.7485;198.975;989.891;1003.89;298.893;296.696
18265;106.602;472.478;536.981;0;14.6795;1097.89;-46.0151;3;86.0545;5;1115;21.0552;3;28.4583;32.7485;196.975;990.891;1003.89;298.893;296.574
18515;103.575;476.677;535.076;0;14.6992;1101.89;-42.6962;3;86.0545;5;1085;21.0552;3;28.3576;32.7485;195.975;988.891;1003.89;298.893;297.49
18765;106.993;482.292;536.883;3.59831;14.6795;1097.89;-27.3605;3;86.2559;5;1120;21.0552;3;28.3576;32.7485;193.974;990.891;1003.89;292.271;296.391
19000;111.778;485.564;539.569;3.95234;14.5837;1101.89;-24.0417;3;86.2559;5;1160;21.0552;3;28.1561;19.2187;192.974;992.891;1003.89;292.271;295.17
19250;112.364;479.9;539.569;3.97676;14.5641;1105.89;-23.9272;3;86.2559;5;1162;21.0552;3;28.1561;14.6967;191.973;992.891;1002.89;296.696;295.17
19484;113.487;483.171;540.008;5.31964;14.6034;1105.89;-19.235;3;86.2559;5;1169;21.0552;3;28.1561;14.2764;190.973;993.891;1002.89;296.696;294.987
19765;118.565;483.464;545.477;11.1184;14.623;1114.89;13.0385;3;86.4574;5;1207;21.0552;3;28.0554;10.5201;189.973;1006.89;1002.89;303.196;303.288
20047;122.374;491.179;555.194;14.4268;14.5641;1118.89;35.1264;3;86.4574;5;1229;21.0552;3;28.0554;7.40235;188.973;1029.89;1002.89;318.577;319.768
20281;130.479;492.4;663.692;22.2643;14.4069;1131.89;99.1012;3;86.4574;5;1329;21.0552;3;28.0554;4.44141;188.973;1289.9;1002.89;388.982;418.676
20547;137.609;543.573;788.108;29.1741;14.5248;1174.89;159.528;3;86.4574;5;1358;21.156;3;28.0554;2.30763;187.973;1491.9;1002.89;531.776;537.269
20812;145.275;577.704;852.367;35.8152;14.6599;1234.9;234.719;3;86.5581;5;1391;21.156;3;28.1561;1.44204;188.973;1784.9;1003.89;766.978;750.377
21078;152.99;619.697;844.994;38.9893;14.6427;1315.9;239.983;3;86.5581;5;1371;21.156;3;28.1561;1.12789;190.973;1777.9;1003.89;727.366;675.882
21312;168.908;633.809;874.878;40.8449;14.5051;1375.9;243.645;3;86.5581;5;1448;21.2567;3;28.3576;1.32126;193.974;1831.9;1004.89;709.788;707.468
21562;188.488;700.07;905.298;40.7839;14.5641;1473.9;281.755;3;86.5581;5;1510;21.2567;3;28.4583;1.2627;197.975;1885.91;1003.89;775.768;806.469
21843;210.071;753;921.705;40.2956;14.4658;1597.9;299.952;3;86.5581;5;1550;21.4581;3;28.5422;1.19621;202.976;1875.91;1003.89;892.285;832.684
22109;226.282;783.372;898.999;40.7717;14.5837;1712.9;300.181;3;86.5581;5;1557;21.5588;3;28.643;1.38897;213.979;1848.91;1004.89;810.894;800.487
22375;246.204;807.201;928.297;45.313;14.4855;1802.9;318.263;3;86.5581;5;1611;21.5588;3;28.8444;1.54879;223.981;1899.91;1004.89;799.968;889.264
22656;273.402;928.589;1030.2;50.7334;14.5051;1939.91;399.977;3;86.5581;5;1659;21.6428;3;28.9451;1.29015;230.983;1959.91;1005.89;1063.67;1025.37
22906;306.264;977.272;1097.2;54.0418;14.5641;2080.91;447.128;3;86.7428;5;1730;21.7435;3;29.0458;1.30174;239.985;1959.91;1008.89;1098.89;1060.38
23156;341.567;1002.47;1100.18;53.9807;14.5248;2208.91;443.81;3;86.7428;5;1800;21.7435;3;29.4487;1.41886;248.987;1995.91;1009.89;1085.68;1071.97
23422;369.302;1054.28;1103.69;56.1782;14.623;2293.91;463.723;3;86.7428;5;1872;21.7435;3;29.5494;1.46705;254.989;2051.91;1010.89;1122.97;1118.09
23687;397.672;1093.39;1106.08;56.0195;14.623;2387.91;463.608;3;86.7428;5;1933;21.8442;3;29.8516;1.49084;261.991;2094.91;1011.89;1136.19;1137.07
23953;419.401;1093.09;1108.57;55.1405;14.5248;2422.91;445.87;3;86.7428;5;1998;21.8442;3;30.1538;1.59576;268.992;2142.91;1012.89;1116.38;1121.78
24234;429.899;1078.01;1111.31;54.4813;14.623;2387.91;438.431;3;86.7428;5;2069;21.8442;3;30.5567;1.59576;274.994;2149.91;1009.89;1109.79;1104.48
24515;434.391;1037.77;1105.3;53.4314;14.5641;2328.91;420.119;3;86.7428;5;2133;21.9449;3;30.7581;1.65371;278.995;2146.91;1009.89;1083.48;1084.09
24797;433.268;1007.01;1013.8;44.9224;14.5837;2259.91;355.344;3;86.7428;5;2172;21.9449;3;31.0435;1.71654;283.996;2093.91;1008.89;1006.48;936.17
25062;408.072;876.001;960.279;39.7218;14.6427;2071.91;273.973;3;86.8435;5;2208;22.0457;4;31.2449;2.07766;287.997;2015.91;1007.89;824.078;848.767
25328;388.687;864.184;952.565;38.7451;14.6034;1956.91;251.885;4;86.8435;5;2231;22.0457;4;31.3457;2.1716;290.998;2009.91;1007.89;821.88;846.478
25593;386.295;861.401;953.395;38.8428;14.5248;1904.91;251.313;4;86.8435;5;2279;22.0457;4;31.5471;2.0984;293.998;2021.91;1008.89;839.489;853.68
25875;341.274;857.201;954.908;39.2945;14.5248;1892.91;209.77;4;87.0449;5;2031;22.0457;4;31.8493;2.21064;296.999;1987.91;1007.89;846.081;821.667
26140;289.809;772.971;938.306;39.7218;14.5837;1828.9;275.346;4;87.0449;5;1831;22.0457;4;32.0507;1.9215;299;1922.91;1006.89;810.894;842.175
26406;283.265;812.669;938.404;40.2467;14.6034;1823.9;284.273;4;87.0449;5;1787;22.0457;4;32.0507;1.74094;300;1920.91;1006.89;863.69;861.37
26672;282.972;805.589;938.209;40.32;14.6034;1823.9;284.273;4;87.0449;5;1787;22.2471;4;32.1514;1.73484;304.001;1919.91;1005.89;868.084;861.676
26953;282.972;803.099;939.478;40.381;14.5051;1823.9;286.219;4;87.0449;5;1790;22.2471;4;32.2522;1.73179;306.001;1921.91;1005.89;874.676;865.582
27203;286.781;810.081;939.185;40.2589;14.5641;1832.9;282.9;4;87.0449;5;1803;22.2471;4;32.2522;1.74948;310.002;1925.91;1005.89;863.69;854.779
27468;290.101;819.066;937.769;39.9171;14.5248;1840.9;281.183;4;87.2464;5;1818;22.2471;4;32.3529;1.75558;314.003;1920.91;1004.89;854.87;836.865
27718;294.594;815.892;939.478;39.795;14.5641;1849.91;277.635;4;87.2464;5;1833;22.2471;4;32.3529;1.7934;316.004;1927.91;1006.89;826.275;828.594
27968;297.67;818.578;939.283;39.8316;14.5837;1862.91;277.864;4;87.2464;5;1846;22.2471;4;32.4536;1.80987;320.005;1926.91;1005.89;821.88;824.993
28203;302.162;824.779;940.113;39.8072;14.5248;1870.91;276.72;4;87.2464;5;1862;22.2471;4;32.5543;1.80682;322.005;1931.91;1005.89;819.683;823.467
28437;306.996;828.881;943.287;39.8439;14.6795;1879.91;275.461;4;87.2464;5;1875;22.2471;4;32.5543;1.84647;324.006;1944.91;1007.89;821.88;821.178
28672;310.073;834.105;942.799;39.734;14.5837;1887.91;275.69;4;87.2464;5;1887;22.2471;4;32.655;1.82939;326.006;1943.91;1005.89;817.486;814.464
28906;312.074;830.883;941.285;39.3433;14.6599;1892.91;270.196;4;87.2464;14.39;1899;22.2471;4;32.7558;1.89588;327.006;1935.91;1006.89;837.292;849.591
29156;315.492;850.072;941.676;39.3433;14.6599;1900.91;270.082;4;87.3471;14.46;1915;22.2471;4;32.7558;1.91052;329.007;1937.91;1006.89;852.673;855.481
29406;320.961;860.668;941.285;39.0992;14.7188;1917.91;268.022;4;87.3471;14.3;1926;22.2471;4;32.8565;1.93248;330.007;1935.91;1008.89;850.476;853.375
29672;326.87;862.768;941.578;39.1236;14.6795;1930.91;265.39;4;87.3471;14.39;1939;22.2471;4;32.9572;1.96664;331.007;1937.91;1008.89;846.081;853.375
29937;329.604;853.295;895.093;34.2038;14.6427;1934.91;233.46;4;87.3471;15.69;1948;22.2471;4;33.0579;2.01056;332.008;1811.9;1007.89;835.095;821.575
30218;321.889;796.312;796.995;29.1619;14.623;1879.91;163.992;4;87.3471;19.13;1951;22.3478;5;33.0579;2.54248;332.008;1680.9;1006.89;720.774;719.767
30468;307.973;765.501;752.073;26.3418;14.6599;1798.9;139.386;5;87.5485;20.1;1945;22.3478;5;33.1586;2.90421;331.007;1580.9;1008.89;639.474;628.488
30750;278.676;748.166;673.8;20.5796;14.6034;1746.9;85.8255;5;87.5485;27.99;1789;22.3478;5;33.0579;3.26472;329.007;1328.9;1007.89;531.776;454.871
31000;208.362;655.001;557.001;6.24744;14.6034;1644.9;-1.15265;5;87.6493;42.17;1446;22.3478;5;33.0579;6.2464;326.006;1006.89;1007.89;285.679;291.783
31312;191.906;586.201;557.587;3.61052;14.623;1499.9;-21.6383;5;87.6493;38.31;1454;22.2471;5;32.8565;13.1492;321.005;1007.89;1007.89;243.869;286.289
31547;175.988;570.478;556.073;2.09672;14.6795;1404.9;-32.3961;5;87.6493;38.09;1438;22.2471;5;32.655;18.8563;313.003;1006.89;1005.89;259.281;286.869
31828;163.39;545.477;553.485;0.143444;14.5641;1345.9;-42.8106;5;87.6493;36.21;1388;22.2471;5;32.4536;32.7485;307.002;1004.89;1005.89;276.89;288.395
32078;156.066;526.776;552.606;0;14.6034;1298.9;-45.7862;5;87.8507;33.01;1377;22.0457;5;32.2522;32.7485;297.999;1003.89;1005.89;285.679;288.67
32312;150.499;519.207;551.776;0;14.6034;1268.9;-45.9006;5;87.8507;29.11;1362;21.9449;5;32.1514;32.7485;294.999;1003.89;1003.89;287.876;289.189
32562;145.275;514.373;550.262;0;14.6034;1242.9;-46.3584;5;87.8507;25.38;1340;21.9449;5;32.0507;32.7485;288.997;1001.89;1003.89;287.876;289.768
32797;139.903;511.102;548.797;0;14.5837;1225.9;-46.3584;5;87.8507;19.94;1314;21.8442;5;31.8493;32.7485;284.996;1000.89;1003.89;287.876;290.592
33047;135.704;507.684;547.284;0;14.623;1212.89;-46.1295;5;87.9514;14.61;1287;21.8442;5;31.7486;32.7485;281.996;999.891;1003.89;287.876;291.386
33281;130.089;511.883;544.989;0;14.623;1195.89;-46.1295;5;87.9514;14.37;1250;21.7435;5;31.6478;32.7485;275.994;998.891;1003.89;290.074;292.484
33547;126.085;505.681;543.67;0;14.623;1182.89;-46.1295;5;87.9514;14.39;1229;21.6428;5;31.5471;32.7485;272.993;996.891;1003.89;294.468;293.186
33781;122.569;503.777;542.206;0;14.5837;1174.89;-46.1295;5;87.9514;14.39;1204;21.6428;5;31.3457;32.7485;267.992;995.891;1003.89;292.271;293.888
34031;117.1;498.064;539.667;0;14.6599;1161.89;-41.7806;5;88.1529;14.37;1162;21.5588;5;31.1442;32.7485;262.991;992.891;1003.89;294.468;295.17
34312;112.901;493.572;537.909;0;14.6034;1152.89;-39.3773;5;88.1529;14.41;1131;21.5588;5;31.0435;32.7485;259.99;991.891;1003.89;294.468;296.086
34531;110.167;489.763;536.493;0;14.5641;1148.89;-38.0039;5;88.1529;14.33;1106;21.5588;5;30.9428;32.7485;256.989;989.891;1003.89;290.074;296.879
34781;105.772;484.88;534.198;0;14.6427;1140.89;-35.2573;5;88.3543;14.26;1071;21.5588;5;30.8588;32.7485;252.988;987.891;1003.89;290.074;297.886
35031;101.866;478.191;532.098;0;14.6034;1135.89;-32.9684;5;88.3543;14.33;1032;21.4581;5;30.6574;29.3941;247.987;985.891;1002.89;292.271;299.076
35297;96.7874;465.007;526.58;0;14.5641;1127.89;-30.2217;5;88.3543;14.41;989;21.4581;4;30.5567;23.7955;245.987;984.891;1002.89;298.893;298.283
35578;92.2952;466.374;516.082;0;14.5837;1118.89;-29.0772;4;88.3543;14.37;950;21.4581;4;30.3552;20.3966;242.986;985.891;1002.89;294.468;292.484
35843;94.5901;453.483;525.701;0;14.5837;1110.89;-35.2573;4;88.455;14.37;991;21.4581;4;30.2545;19.9885;239.985;984.891;1002.89;294.468;297.795
36109;99.3754;463.396;532.586;0;14.6034;1101.89;-44.9851;4;88.455;14.35;1048;21.4581;4;30.1538;32.7485;237.985;986.891;1002.89;303.196;298.588
36390;103.086;468.767;534.881;0;14.6599;1101.89;-45.3284;4;88.455;14.3;1084;21.4581;4;29.9523;32.7485;234.984;988.891;1001.89;300.969;297.49
36656;102.207;469.89;533.807;4.83132;14.5248;1101.89;-33.655;4;88.455;14.35;1066;21.4581;4;29.8516;32.7485;231.983;987.891;1001.89;298.893;298.069
36922;110.899;481.267;548.7;14.085;14.5248;1101.89;27.573;4;88.455;14.39;1149;21.4581;4;29.7509;13.3254;229.983;1067.89;1002.89;314.183;322.178
37203;121.69;497.869;669.063;23.0823;14.623;1118.89;109.401;4;88.6565;14.39;1255;21.4581;4;29.6502;9.79721;227.982;1292.9;1000.89;408.697;428.686
37468;119.493;519.695;762.18;30.7611;14.5837;1152.89;174.864;4;88.6565;5;1224;21.4581;4;29.5494;9.70205;225.982;1507.9;1000.89;522.987;551.979
37718;117.882;550.067;741.086;37.9028;14.5837;1204.89;205.764;4;88.6565;5;1148;21.4581;4;29.5494;1.82695;225.982;1508.9;1001.89;507.575;506.08
37968;126.085;539.178;774.29;50.7212;14.6427;1234.9;208.968;4;88.6565;5;1204;21.5588;4;29.5494;1.82695;228.982;1601.9;1001.89;522.987;523.78
38218;136.974;560.272;839.184;50.7334;14.6427;1268.9;222.13;4;88.6565;5;1269;21.5588;4;29.4487;1.82695;230.983;1716.9;1001.89;564.766;594.277
38453;144.298;597.968;891.772;50.9409;14.4265;1315.9;245.82;4;88.6565;5;1295;21.6428;4;29.4487;1.82268;235.984;1743.9;1001.89;657.083;680.49
38718;150.89;637.471;955.104;56.874;14.5248;1383.9;272.142;4;88.6565;5;1307;21.6428;4;29.4487;1.21695;239.985;1757.9;1002.89;738.383;744.975
38984;162.365;680.587;1059.5;60.9393;14.5641;1460.9;310.71;4;88.6565;5;1340;21.7435;4;29.4487;1.15717;245.987;1788.9;1002.89;863.69;879.285
39265;173.888;739.865;1068.97;61.3177;14.5248;1558.9;352.368;4;88.7572;5;1348;21.7435;4;29.4487;1.06506;253.989;1798.9;1003.89;955.976;945.173
39531;188.391;760.667;1049;62.0014;14.5641;1657.9;392.882;4;88.7572;5;1375;21.8442;4;29.4487;1.09983;261.991;1825.9;1004.89;980.177;955.366
39797;207.58;804.906;1084.99;60.744;14.5248;1759.9;423.782;4;88.7572;5;1415;21.8442;4;29.4487;1.09312;266.992;1869.91;1003.89;977.98;973.585
40078;226.868;862.573;1085.09;65.8347;14.5248;1879.91;449.646;4;88.7572;5;1461;21.8442;4;29.5494;1.09617;274.994;1911.91;1003.89;997.786;1003.98
40328;259.681;943.482;1088.21;76.2481;14.5837;2024.91;480.89;4;88.6565;5;1526;21.9449;4;29.5494;1.10715;280.995;1959.91;1006.89;1043.87;1033.89
40578;289.662;1020.09;1090.7;79.6297;14.5051;2178.91;497.484;4;88.7572;5;1587;21.9449;4;29.6502;1.14497;287.997;1959.91;1007.89;1054.89;1049.09
40812;332.778;1101.98;1095.1;82.7916;14.4658;2328.91;542.919;4;88.7572;5;1687;22.0457;4;29.7509;1.18096;292.998;1959.91;1008.89;1085.68;1074.69
41062;361.587;1183.09;1095.58;82.169;14.5051;2516.92;571.53;4;88.7572;5;1698;22.0457;4;29.9523;1.17608;300;1959.91;1009.89;1072.46;1077.47
41297;390.689;1194.17;1098.47;81.4121;14.5051;2605.92;592.359;4;88.7572;5;1763;22.0457;4;30.0531;1.21512;308.002;1968.91;1009.89;1090.07;1099.56
41531;416.764;1254.47;1100.47;81.1191;14.5051;2712.92;607.924;4;88.7572;5;1806;22.2471;4;30.1538;1.2383;315.004;1999.91;1010.89;1116.38;1131.36
41797;444.889;1304.08;1103.2;81.7173;14.4855;2789.92;630.011;4;88.7572;5;1861;22.2471;4;30.5567;1.26026;325.006;2043.91;1011.89;1144.97;1172.07
42062;467.009;1307.01;1105.69;82.0347;14.4855;2819.92;647.293;4;88.7572;5;1922;22.3478;4;30.8588;1.24379;334.008;2086.91;1010.89;1197.77;1217.18
42328;488.298;1330.21;1108.38;82.6817;14.4265;2845.92;650.039;4;88.7572;5;1993;22.4485;4;31.3457;1.22915;343.01;2136.91;1009.89;1257.07;1268.97
42609;509.295;1337.78;1111.31;83.2555;14.4658;2853.92;650.383;4;88.7572;5;2065;22.4485;4;31.6478;1.25172;348.012;2149.91;1014.89;1279.07;1268.48
42875;527.264;1321.81;1113.7;83.634;14.4855;2828.92;651.069;4;88.7572;5;2146;22.5493;4;32.2522;1.24196;356.013;2149.91;1015.89;1261.46;1260.36
43125;542.596;1314.48;1115.41;84.5007;14.4462;2810.92;651.87;4;88.9419;5;2204;22.5493;4;32.655;1.22976;361.015;2149.91;1013.89;1263.69;1254.56
43359;553.387;1339.09;1115.41;85.0135;14.5248;2798.92;651.985;4;88.9419;5;2268;22.65;4;33.3433;1.22427;368.016;2149.91;1014.89;1265.89;1259.26
43593;568.964;1318.88;1115.41;85.0867;14.6795;2793.92;653.587;4;88.9419;5;2338;22.65;4;33.7462;1.21695;373.018;2152.91;1013.89;1294.48;1295.67
43828;585.566;1332.31;1115.41;84.9524;14.6034;2789.92;655.533;4;88.9419;5;2401;22.7507;4;34.1491;1.21207;377.019;2155.91;1014.89;1320.79;1328.48
44078;601.484;1343.1;1115.41;85.0501;14.5837;2789.92;656.906;4;88.9419;5;2479;22.7507;4;34.8541;1.19621;384.02;2157.91;1011.89;1355.98;1368.98
44312;613.691;1324.59;1115.31;85.0867;14.6795;2785.92;656.906;4;88.9419;5;2532;22.8514;4;35.3577;1.20231;388.021;2157.91;1013.89;1391.16;1384.08
44547;628.877;1339.48;1114.68;85.0623;14.5837;2781.92;655.189;4;89.1433;5;2593;22.8514;4;36.2475;1.19926;393.022;2151.91;1015.89;1388.97;1394.76
44797;643.184;1326.69;1114.09;85.2454;14.6427;2768.92;653.244;4;89.1433;5;2654;22.9522;4;36.7511;1.19316;396.023;2146.91;1014.89;1406.48;1404.56
45031;653.292;1334.31;1113.7;85.2454;14.6599;2763.92;651.184;4;89.1433;5;2709;22.9522;4;37.4561;1.17913;399.024;2142.91;1014.89;1408.68;1413.38
45281;667.891;1320.69;1113.31;85.1722;14.623;2751.92;649.353;4;89.1433;5;2771;23.1536;4;38.3458;1.18096;408.026;2135.91;1014.89;1424.06;1422.47
45515;676.095;1319.61;1113.31;85.3675;14.5051;2738.92;647.178;4;89.1433;5;2827;23.1536;4;38.9502;1.17608;414.028;2127.91;1014.89;1439.47;1429.19
45750;684.591;1299.2;1113.31;85.2454;14.6034;2725.92;645.462;4;89.1433;5;2885;23.2543;4;39.9574;1.16815;422.03;2117.91;1015.89;1446.06;1436.09
46000;699.289;1276.79;1113.31;84.9158;14.6034;2725.92;643.63;4;88.9419;5;2949;23.355;4;40.5449;1.1651;429.031;2107.91;1014.89;1446.06;1443.78
46234;712.179;1255.4;1113.31;84.7693;14.5837;2729.92;641.456;4;88.9419;5;2988;23.355;4;41.1493;1.16327;435.033;2099.91;1017.89;1446.06;1448.48
46468;720.09;1238.51;1113.31;84.4641;14.5837;2729.92;634.818;4;88.9419;5;3054;23.4558;4;42.2572;1.16876;443.035;2094.91;1019.89;1454.89;1461.69
46703;727.902;1219.71;1113.31;84.6106;14.5248;2716.92;624.976;4;88.7572;5;3095;23.4558;4;42.8447;1.17181;447.036;2088.91;1019.89;1472.46;1467.89
46953;736.789;1193.39;1113.31;84.0368;14.5641;2699.92;607.809;4;88.6565;5;3161;23.5565;4;43.9527;1.18523;455.038;2080.91;1018.89;1496.66;1483.27
47203;742.404;1179.57;1113.31;83.9636;14.5051;2691.92;599.34;4;88.6565;5;3208;23.5565;4;44.6577;1.19499;459.039;2076.91;1019.89;1496.66;1491.48
47453;748.801;1158.57;1113.31;83.6584;14.6795;2674.92;584.806;4;88.3543;5;3257;23.6572;4;45.6482;1.20292;465.04;2069.91;1019.89;1518.58;1501.27
47718;757.493;1140.41;1113.31;72.0364;14.5248;2669.92;567.982;4;87.9514;5;3308;23.6572;4;46.3532;1.22;469.041;2062.91;1018.89;1525.17;1511.46
47984;734.885;1132.6;1107.89;55.5311;14.6427;2533.92;383.383;4;87.6493;5;3318;23.7579;5;47.3437;1.76473;471.042;2056.91;1015.89;1296.68;1297.17
48250;671.31;1054.57;1055.4;49.6957;14.623;2310.91;324.901;5;87.2464;5;3363;23.7579;5;48.1494;1.93553;473.042;2044.91;1013.89;1129.56;1169.79
48531;633.272;1058.18;963.209;38.2934;14.5248;2204.91;218.696;5;86.7428;5;3243;23.8587;5;48.653;2.09047;469.041;1971.91;1012.89;969.191;929.883
48797;519.793;892.7;928.297;35.1682;14.6427;2024.91;156.209;5;86.2559;5;2893;23.7579;5;48.9552;2.9829;465.04;1953.91;1009.89;821.88;869.794
49062;438.59;843.383;780.101;25.7924;14.7188;1930.91;111.347;5;85.6516;5;2578;23.7579;5;49.1567;3.45748;457.038;1543.9;1006.89;582.375;598.092
49343;436.979;829.467;738.401;22.5573;14.5837;1883.91;97.1556;5;84.9465;5;2627;23.7579;6;49.2574;3.64658;445.035;1466.9;1007.89;544.99;554.573
49609;424.772;803.685;685.079;19.1635;14.6427;1845.91;64.1954;6;84.5437;5;2587;23.6572;6;49.1567;4.56341;437.033;1321.9;1009.89;476.874;504.585
49859;384;808.275;649.385;17.0393;14.6992;1840.9;48.2876;6;83.8554;5;2339;23.5565;6;49.0559;4.9471;422.03;1244.9;1009.89;441.687;424.78
50109;338.784;780.198;626.094;16.0016;14.6599;1819.9;37.1864;6;83.5532;5;2123;23.5565;6;49.0559;5.40155;412.027;1180.89;1009.89;362.584;376.073
50343;315.2;737.766;618.574;16.4778;14.623;1776.9;47.0287;6;83.0496;5;2053;23.4558;6;48.7538;5.37288;398.024;1168.89;1009.89;344.975;367.895
50578;311.098;748.899;632.588;18.0892;14.5837;1759.9;59.3887;6;82.9489;5;2046;23.4558;6;48.5523;5.04714;393.022;1220.9;1009.89;382.391;388.891
50828;296.693;732.199;670.577;19.603;14.623;1746.9;67.3999;6;82.546;5;1988;23.355;6;48.2502;4.80375;387.021;1292.9;1008.89;382.391;421.087
51078;293.568;729.807;683.175;21.8859;14.623;1734.9;89.7167;6;82.2438;5;1978;23.2543;6;47.948;4.02966;379.019;1329.9;1008.89;450.476;442.267
51343;291.908;733.811;684.884;21.7638;14.623;1721.9;92.12;6;82.1431;5;1976;23.1536;6;47.5451;3.78444;372.017;1330.9;1007.89;457.068;439.49
51609;288.685;720.09;676.583;21.5319;14.4855;1708.9;89.7167;6;82.1431;5;1975;23.1536;6;47.243;3.78444;367.016;1315.9;1005.89;441.687;434.576
51890;286.39;708.908;650.508;20.2256;14.5837;1687.9;78.8444;6;81.9417;5;1964;23.1536;6;46.7561;4.07846;360.014;1262.9;1007.89;415.289;407.476
52343;281.801;703.976;638.399;19.4443;14.5248;1661.9;72.5499;6;82.1431;5;1961;22.9522;6;46.2525;4.21632;354.013;1237.9;1006.89;404.272;396.673
52437;277.797;691.378;621.406;18.1136;14.6034;1640.9;63.3943;6;82.1431;5;1953;22.9522;6;45.7489;4.54206;349.012;1203.89;1007.89;380.193;377.08
52687;274.965;688.107;616.67;17.6375;14.4855;1627.9;59.5032;6;82.2438;5;1950;22.8514;6;45.4467;4.60489;346.011;1191.89;1005.89;377.996;371.068
52922;272.865;676.681;613.105;16.5388;14.6795;1614.9;54.0098;6;82.2438;5;1948;22.8514;6;45.1446;4.82693;342.01;1168.89;1006.89;364.782;360.997
53156;261.195;660.909;585.273;6.6381;14.6992;1597.9;-2.98377;6;82.4453;5;1922;22.8514;6;44.6577;6.48918;336.009;1076.89;1005.89;322.972;308.079
53390;255.189;639.864;585.566;4.08663;14.623;1554.9;-18.6627;6;82.546;5;1929;22.8514;6;44.3556;13.5054;332.008;1076.89;1007.89;279.087;290.592
53625;249.183;623.408;585.175;2.5118;14.6427;1524.9;-29.1917;6;82.7475;5;1919;22.7507;6;43.9527;17.2313;327.006;1076.89;1007.89;259.281;282.597
53875;242.591;612.471;584.394;0.546308;14.6599;1490.9;-37.3173;6;82.9489;5;1902;22.7507;6;43.4491;24.9856;320.005;1074.89;1005.89;265.873;280.186
54109;236.194;603.291;584.198;0.033572;14.623;1451.9;-43.154;6;83.0496;5;1906;22.7507;6;43.0462;32.7485;314.003;1074.89;1005.89;279.087;280.186
54359;230.677;593.183;583.808;0;14.6427;1426.9;-43.6117;6;83.2511;5;1896;22.65;6;42.5426;32.7485;306.001;1073.89;1005.89;283.482;280.277
54593;226.087;592.206;583.173;0;14.6599;1404.9;-44.184;6;83.3518;5;1888;22.5493;6;42.2572;32.7485;300;1072.89;1005.89;281.284;280.369
54843;222.278;586.786;582.587;0;14.6427;1387.9;-44.2984;6;83.5532;5;1876;22.4485;6;41.7536;32.7485;294.999;1071.89;1005.89;281.284;280.491
55109;219.495;578.29;582.294;0;14.5641;1370.9;-44.2984;6;83.7547;5;1873;22.4485;6;41.3507;32.7485;291.998;1071.89;1005.89;358.19;367.589
55390;216.809;589.472;581.611;0;14.623;1357.9;-44.2984;6;84.0568;5;1859;22.3478;6;40.8471;32.7485;286.997;1070.89;1005.89;391.18;383.581
55656;213.391;574.677;580.781;0;14.5837;1349.9;-44.5273;6;84.1576;5;1847;22.2471;6;40.3435;32.7485;281.996;1068.89;1005.89;395.574;391.668
55922;212.268;571.698;580.585;0;14.5837;1340.9;-44.5273;6;84.3422;5;1840;22.2471;6;39.9574;32.7485;278.995;1068.89;1005.89;397.772;395.574
56172;209.973;581.269;579.706;0;14.5837;1336.9;-44.6418;6;84.5437;5;1829;22.0457;6;39.5545;32.7485;273.993;1066.89;1004.89;399.969;397.68
56437;207.873;578.29;579.267;0;14.623;1328.9;-44.7562;6;84.6444;5;1822;22.0457;6;39.0509;32.7485;269.992;1066.89;1004.89;402.075;398.779
56718;206.262;576.288;578.779;0;14.5837;1323.9;-44.8706;6;84.6444;5;1815;22.0457;6;38.7487;32.7485;266.992;1065.89;1004.89;399.969;399.389
56984;204.895;569.599;578.193;0;14.6795;1319.9;-45.0995;6;84.8458;5;1805;21.9449;6;38.2451;32.7485;262.991;1064.89;1004.89;397.772;399.694
57265;202.893;564.667;577.704;0;14.623;1310.9;-45.0995;6;84.9465;5;1796;21.9449;6;37.7583;32.7485;258.99;1063.89;1003.89;397.772;399.786
57531;200.988;565.399;576.972;0;14.6034;1306.9;-45.0995;6;85.148;5;1786;21.9449;6;37.3554;32.7485;254.989;1062.89;1003.89;399.969;399.877
57797;199.572;562.274;576.581;0;14.6427;1302.9;-45.0995;6;85.2487;5;1778;21.8442;6;37.0532;32.7485;251.988;1061.89;1004.89;399.969;399.877
58078;198.303;560.809;576.093;0;14.6034;1298.9;-45.0995;6;85.4502;5;1769;21.8442;6;36.6503;32.7485;247.987;1060.89;1003.89;397.772;399.877
58343;196.887;563.3;575.605;0;14.6034;1293.9;-45.214;6;85.4502;5;1763;21.8442;6;36.1467;32.7485;244.986;1060.89;1003.89;402.075;399.877
58609;195.666;560.175;575.068;0;14.5051;1289.9;-45.3284;6;85.6516;5;1753;21.8442;6;35.8446;32.7485;241.986;1059.89;1003.89;399.969;399.877
58875;194.299;561.2;574.482;0;14.5641;1285.9;-45.3284;6;85.6516;5;1745;21.8442;6;35.4585;32.7485;238.985;1057.89;1003.89;397.772;399.877
59156;192.688;563.104;573.993;0;14.5051;1281.9;-45.4429;6;85.7523;5;1732;21.8442;6;35.0556;32.7485;235.984;1055.89;1003.89;399.969;399.877
59406;192.004;559.979;573.603;0;14.5248;1281.9;-45.4429;6;85.7523;5;1730;21.8442;6;34.8541;32.7485;233.984;1054.89;1003.89;399.969;399.877
59656;190.588;557.977;572.968;0;14.4855;1276.9;-45.4429;6;85.9538;5;1720;21.8442;6;34.4512;32.7485;229.983;1052.89;1003.89;399.969;399.877
59906;188.977;551.874;572.577;0;14.4658;1272.9;-45.4429;6;85.9538;5;1706;21.8442;6;34.1491;32.7485;227.982;1051.89;1003.89;399.969;399.877
60140;187.17;556.366;571.894;0;14.4265;1268.9;-45.5573;6;86.0545;5;1701;21.8442;6;33.7462;32.7485;224.982;1048.89;1003.89;402.075;399.877
60375;186.682;555.487;571.503;0;14.5051;1268.9;-45.5573;6;86.0545;5;1693;21.7435;6;33.5448;32.7485;222.981;1047.89;1003.89;402.075;399.877
60609;185.266;548.163;571.21;0;14.5051;1263.9;-45.6717;6;86.0545;5;1682;21.7435;6;33.3433;32.7485;220.981;1046.89;1003.89;399.969;399.877
60859;184.191;547.479;570.575;0;14.5248;1259.9;-45.7862;6;86.2559;5;1680;21.7435;6;32.9572;32.7485;218.98;1044.89;1003.89;399.969;399.877
61109;182.287;548.065;569.989;0;14.5248;1255.9;-45.7862;6;86.2559;26.44;1668;21.7435;6;32.655;32.7485;216.98;1042.89;1003.89;399.969;399.877
61390;181.262;549.091;569.501;0;14.4855;1251.9;-45.7862;6;86.2559;24.78;1658;21.7435;6;32.3529;32.7485;213.979;1040.89;1003.89;399.969;399.877
61656;179.894;551.093;569.11;1.32762;14.5248;1246.9;-45.7862;6;86.4574;23.3;1653;21.7435;6;32.0507;32.7485;211.978;1039.89;1003.89;399.969;399.877
61922;182.482;553.778;569.306;8.3228;14.5248;1251.9;-6.53157;6;86.4574;21.8;1648;21.7435;6;31.7486;18.5074;209.978;1046.89;1003.89;305.394;299.076
62172;184.582;561.2;575.165;10.8377;14.4658;1263.9;11.7796;6;86.4574;20.55;1647;21.7435;6;31.4464;9.0036;207.977;1070.89;1003.89;316.38;314.885
62437;186.096;567.304;575.702;11.3138;14.3872;1281.9;14.6408;6;86.4574;20.31;1635;21.7435;6;31.1442;7.29438;205.977;1071.89;1003.89;314.183;316.991